{"weights": [[-0.028201080801179394, 0.629703275711587, 3.766230716271284, 0.7187720380000556, -1.019543123078017], [0.8921531937870808, 0.07991818817789693, 0.48570926891720795, 1.2856996580745632, 0.13571915567387155], [-0.8639521129858648, -0.7096214638894695, -4.251939985188323, -2.004471696074758, 0.883823967404213]], "bias": [5.07456436880461, -3.814120884575641, -1.2604434842288246], "means": [4.331818, 0.27973466666666663, 19.02817333333333, 0.006002, 0.0033333333333333335], "scales": [4.948564299804088, 2.100463273718693, 16.866234823300033, 0.045245523914410876, 0.07741372065070601], "samples": 1500, "epochs": 250}